{
  "sequences": {
    "MOT17-02-FRCNN": {
      "MOTA": 17.71756122980719,
      "MOTP": 6.9270750520308155,
      "Precision": 98.29545454545455,
      "Recall": 18.030224075039083,
      "F1": 30.471158080140903,
      "ID_Switches": 0,
      "Fragmentations": 17,
      "False_Positives": 6,
      "Misses": 1573,
      "Matches": 346,
      "Total_Objects": 1919,
      "Frames": 100,
      "Avg_FPS": 2.0416873479618443,
      "Avg_Frame_Time_ms": 489.79095697402954
    },
    "MOT17-04-FRCNN": {
      "MOTA": 9.76553057771332,
      "MOTP": 9.841194595700559,
      "Precision": 85.73943661971832,
      "Recall": 11.771815325114817,
      "F1": 20.70138150903294,
      "ID_Switches": 2,
      "Fragmentations": 15,
      "False_Positives": 81,
      "Misses": 3650,
      "Matches": 487,
      "Total_Objects": 4137,
      "Frames": 100,
      "Avg_FPS": 1.3445625942786545,
      "Avg_Frame_Time_ms": 743.7362933158875
    },
    "MOT17-05-FRCNN": {
      "MOTA": 47.83464566929134,
      "MOTP": 22.425111603080943,
      "Precision": 90.1639344262295,
      "Recall": 54.13385826771654,
      "F1": 67.65067650676507,
      "ID_Switches": 2,
      "Fragmentations": 11,
      "False_Positives": 30,
      "Misses": 233,
      "Matches": 275,
      "Total_Objects": 508,
      "Frames": 100,
      "Avg_FPS": 2.0630428157043355,
      "Avg_Frame_Time_ms": 484.7209143638611
    },
    "MOT17-09-FRCNN": {
      "MOTA": 50.07496251874063,
      "MOTP": 11.451068187830375,
      "Precision": 91.54228855721394,
      "Recall": 55.172413793103445,
      "F1": 68.84939195509823,
      "ID_Switches": 0,
      "Fragmentations": 6,
      "False_Positives": 34,
      "Misses": 299,
      "Matches": 368,
      "Total_Objects": 667,
      "Frames": 100,
      "Avg_FPS": 0.7538038080511702,
      "Avg_Frame_Time_ms": 1326.6051316261292
    },
    "MOT17-10-FRCNN": {
      "MOTA": 24.363636363636367,
      "MOTP": 7.15014100039666,
      "Precision": 96.57534246575342,
      "Recall": 25.636363636363633,
      "F1": 40.51724137931034,
      "ID_Switches": 6,
      "Fragmentations": 32,
      "False_Positives": 15,
      "Misses": 1227,
      "Matches": 423,
      "Total_Objects": 1650,
      "Frames": 100,
      "Avg_FPS": 1.271188627697889,
      "Avg_Frame_Time_ms": 786.665313243866
    },
    "MOT17-11-FRCNN": {
      "MOTA": 32.26511289147851,
      "MOTP": 13.106334625769005,
      "Precision": 97.05263157894737,
      "Recall": 33.576110706482154,
      "F1": 49.89177489177488,
      "ID_Switches": 4,
      "Fragmentations": 10,
      "False_Positives": 14,
      "Misses": 912,
      "Matches": 461,
      "Total_Objects": 1373,
      "Frames": 100,
      "Avg_FPS": 1.2632142009102156,
      "Avg_Frame_Time_ms": 791.6313791275024
    },
    "MOT17-13-FRCNN": {
      "MOTA": 9.138911454102361,
      "MOTP": 3.9024495413343705,
      "Precision": 99.13793103448276,
      "Recall": 9.34199837530463,
      "F1": 17.074981440237565,
      "ID_Switches": 3,
      "Fragmentations": 28,
      "False_Positives": 2,
      "Misses": 2232,
      "Matches": 230,
      "Total_Objects": 2462,
      "Frames": 100,
      "Avg_FPS": 2.6415900655297992,
      "Avg_Frame_Time_ms": 378.55987310409546
    }
  },
  "overall": {
    "MOTA": 27.308622957824245,
    "MOTP": 10.686196372306105,
    "Precision": 94.07243131825713,
    "Recall": 29.66611202558919,
    "F1": 42.16522939462284,
    "ID_Switches": 17,
    "Fragmentations": 119,
    "False_Positives": 182,
    "Misses": 10126,
    "Avg_FPS": 1.6255842085905583,
    "Total_Frames": 700
  }
}